username,acctdesc,location,following,totaltweets,usercreatedts,tweetcreatedts,retweetcount,text,hashtags,followers
KanwilBPNMaluku,Salam Tribumiraja !!!,Jl. Jenderal Sudirman No. 1,468,315,1299,2019-05-09 08:23:11,2022-06-01 23:18:06,54,"Halo #SobATRBPN, Kementerian ATR/BPN berperan dalam kelangsungan perencanaan pemindahan Ibu Kota Negara (IKN).

Yuk saksikan video selengkapnya pada ATR/BPN Podcast berikut ya Sob ‚òùüèª

https://t.co/vkzTkDLOtm

@ikn_id

#IKN‚Äã
#negaRAhadir
#RoadToWakatobi
#GTRASummit2022 https://t.co/IiHCdHz24K","[{'text': 'SobATRBPN', 'indices': [18, 28]}]"
bpn_kotjyp,Akun Resmi Kantor Pertanahan Kota Jayapura,,371,71,291,2021-08-24 10:06:41,2022-06-01 23:14:33,54,"Halo #SobATRBPN, Kementerian ATR/BPN berperan dalam kelangsungan perencanaan pemindahan Ibu Kota Negara (IKN).

Yuk saksikan video selengkapnya pada ATR/BPN Podcast berikut ya Sob ‚òùüèª

https://t.co/vkzTkDLOtm

@ikn_id

#IKN‚Äã
#negaRAhadir
#RoadToWakatobi
#GTRASummit2022 https://t.co/IiHCdHz24K","[{'text': 'SobATRBPN', 'indices': [18, 28]}]"
bpnnunukan,Akun resmi Kantor Pertanahan Kabupaten Nunukan | Instagram : kantahkabnunukan | Facebook : BPN Nunukan | Youtube : Kantor Pertanahan Kab. Nunukan,Jl. Sei Jepun No. 055,245,96,748,2021-11-10 15:55:58,2022-06-01 23:01:13,54,"Halo #SobATRBPN, Kementerian ATR/BPN berperan dalam kelangsungan perencanaan pemindahan Ibu Kota Negara (IKN).

Yuk saksikan video selengkapnya pada ATR/BPN Podcast berikut ya Sob ‚òùüèª

https://t.co/vkzTkDLOtm

@ikn_id

#IKN‚Äã
#negaRAhadir
#RoadToWakatobi
#GTRASummit2022 https://t.co/IiHCdHz24K","[{'text': 'SobATRBPN', 'indices': [18, 28]}]"
kantahkabsragen,"Akun Resmi Kantor Pertanahan Kab. Sragen Jl. Veteran No.10 Media Informasi&Komunikasi Layanan Pertanahan #MajuModern
https://t.co/suZvvNc58q","Sragen, Indonesia",1176,827,15946,2018-03-02 03:17:13,2022-06-01 21:54:44,54,"Halo #SobATRBPN, Kementerian ATR/BPN berperan dalam kelangsungan perencanaan pemindahan Ibu Kota Negara (IKN).

Yuk saksikan video selengkapnya pada ATR/BPN Podcast berikut ya Sob ‚òùüèª

https://t.co/vkzTkDLOtm

@ikn_id

#IKN‚Äã
#negaRAhadir
#RoadToWakatobi
#GTRASummit2022 https://t.co/IiHCdHz24K","[{'text': 'SobATRBPN', 'indices': [18, 28]}]"
TheUncleDee,"Hamba ALLAH SWT,
Pejabat Negara 2019-2024,
Kaya Raya,
Bukan Artis,
""Kita nggak bisa menutup mulut semua Orang, Yang bisa kita lakukan Mengontrol telinga Kita""",,284,844,14785,2014-03-24 10:36:19,2022-06-01 17:38:06,0,@AnonBy @jokowi Jangan pernah mendukung #ikn apalagi menyumbang untuk pembangunannyaüôè,"[{'text': 'ikn', 'indices': [40, 44]}]"
AnonBy,"Just un-foll me, if i didn't foll u. Coz' there is a reason why i had to do that. üßê
üö´ Islamophobia üö´ El-Biji
#GakFollowPorno",Rahasia,1846,2260,6088,2019-05-30 20:25:10,2022-06-01 17:33:53,0,"@TheUncleDee @jokowi memaksakan diri utk mewujudkan #ikn dalam situasi perekonomian dunia saat ini, hanya akan berakibat fatal di tahun depan.","[{'text': 'ikn', 'indices': [52, 56]}]"
TheUncleDee,"Hamba ALLAH SWT,
Pejabat Negara 2019-2024,
Kaya Raya,
Bukan Artis,
""Kita nggak bisa menutup mulut semua Orang, Yang bisa kita lakukan Mengontrol telinga Kita""",,284,844,14785,2014-03-24 10:36:19,2022-06-01 17:31:36,0,"Jadi Jangan heran kalau ada yg ngotot mau bangun #ikn Ibu Kota Baru

Karena Negara Indonesia lagi di perintah #China untuk menyediakan Suaka yg elite untuk manusia"" buangan dari China...

@jokowi https://t.co/RF6AgmXDdT","[{'text': 'ikn', 'indices': [49, 53]}, {'text': 'China', 'indices': [110, 116]}]"
KantahKabGresik,"Melayani, Profesional, Terpercaya
Akun Resmi ATR/BPN Kantah Kab. Gresik
Hotline Service :
‚òéÔ∏è 0823 3676 9574 (WA only)","East Java, Indonesia",368,227,477,2018-04-06 11:26:58,2022-06-01 17:18:59,54,"Halo #SobATRBPN, Kementerian ATR/BPN berperan dalam kelangsungan perencanaan pemindahan Ibu Kota Negara (IKN).

Yuk saksikan video selengkapnya pada ATR/BPN Podcast berikut ya Sob ‚òùüèª

https://t.co/vkzTkDLOtm

@ikn_id

#IKN‚Äã
#negaRAhadir
#RoadToWakatobi
#GTRASummit2022 https://t.co/IiHCdHz24K","[{'text': 'SobATRBPN', 'indices': [18, 28]}]"
bpnkku,"Jln. Bhayangkara, Ds.Sutera Kec. Sukadana","Kalimantan Barat, Indonesia",147,176,1932,2019-04-01 03:05:30,2022-06-01 17:13:53,54,"Halo #SobATRBPN, Kementerian ATR/BPN berperan dalam kelangsungan perencanaan pemindahan Ibu Kota Negara (IKN).

Yuk saksikan video selengkapnya pada ATR/BPN Podcast berikut ya Sob ‚òùüèª

https://t.co/vkzTkDLOtm

@ikn_id

#IKN‚Äã
#negaRAhadir
#RoadToWakatobi
#GTRASummit2022 https://t.co/IiHCdHz24K","[{'text': 'SobATRBPN', 'indices': [18, 28]}]"
atr_bpnkotyogya,"Akun Resmi Kantor Pertanahan Kota Yogyakarta . . Melayani, Profesional, Terpercaya . . https://t.co/bKckZ0vtAM",https://goo.gl/maps/LvmV6G2nm6,93,434,1804,2015-10-23 12:24:41,2022-06-01 15:11:10,54,"Halo #SobATRBPN, Kementerian ATR/BPN berperan dalam kelangsungan perencanaan pemindahan Ibu Kota Negara (IKN).

Yuk saksikan video selengkapnya pada ATR/BPN Podcast berikut ya Sob ‚òùüèª

https://t.co/vkzTkDLOtm

@ikn_id

#IKN‚Äã
#negaRAhadir
#RoadToWakatobi
#GTRASummit2022 https://t.co/IiHCdHz24K","[{'text': 'SobATRBPN', 'indices': [18, 28]}]"
kantahkaboki,,,427,232,2514,2020-02-20 05:36:30,2022-06-01 15:07:07,54,"Halo #SobATRBPN, Kementerian ATR/BPN berperan dalam kelangsungan perencanaan pemindahan Ibu Kota Negara (IKN).

Yuk saksikan video selengkapnya pada ATR/BPN Podcast berikut ya Sob ‚òùüèª

https://t.co/vkzTkDLOtm

@ikn_id

#IKN‚Äã
#negaRAhadir
#RoadToWakatobi
#GTRASummit2022 https://t.co/IiHCdHz24K","[{'text': 'SobATRBPN', 'indices': [18, 28]}]"
KantahKabKotim,"Kementerian ATR/BPN 
- Melayani, Profesional, Terpercaya -",Jl. Jenderal Sudirman KM 5.5,290,268,1698,2019-01-10 09:15:39,2022-06-01 15:05:21,54,"Halo #SobATRBPN, Kementerian ATR/BPN berperan dalam kelangsungan perencanaan pemindahan Ibu Kota Negara (IKN).

Yuk saksikan video selengkapnya pada ATR/BPN Podcast berikut ya Sob ‚òùüèª

https://t.co/vkzTkDLOtm

@ikn_id

#IKN‚Äã
#negaRAhadir
#RoadToWakatobi
#GTRASummit2022 https://t.co/IiHCdHz24K","[{'text': 'SobATRBPN', 'indices': [18, 28]}]"
KantahKabBangli,"Jl. Lettu Sobat No. 9 Bangli, Bali - Telp./Fax: (0366) 91012 / 91085 - email: kab-bangli@atrbpn.go.id","Bangli, Indonesia",114,145,1926,2018-03-15 01:51:55,2022-06-01 14:55:27,0,"Halo #SobATRBPN, Kementerian ATR/BPN berperan dalam kelangsungan perencanaan pemindahan Ibu Kota Negara (IKN).

Yuk saksikan video selengkapnya pada ATR/BPN Podcast berikut ya Sob ‚òùüèª

https://t.co/o6FFHXpxdu

@ikn_id

#IKN‚Äã
#negaRAhadir
#RoadToWakatobi
#GTRASummit2022 https://t.co/mi2MGrKUkr","[{'text': 'SobATRBPN', 'indices': [5, 15]}, {'text': 'IKN', 'indices': [218, 222]}, {'text': 'negaRAhadir', 'indices': [224, 236]}, {'text': 'RoadToWakatobi', 'indices': [237, 252]}, {'text': 'GTRASummit2022', 'indices': [253, 268]}]"
kantahacehbarat,"ATR/BPN Aceh Barat
Organisasi Pemerintahan
üèõ Jl. Swadaya Meulaboh No.144
Telp 0655-7551004
Instagram : @kantahacehbarat
Facebook : Kantah Kab Aceh Barat",Aceh Barat,173,441,1642,2015-12-08 05:32:41,2022-06-01 14:52:12,54,"Halo #SobATRBPN, Kementerian ATR/BPN berperan dalam kelangsungan perencanaan pemindahan Ibu Kota Negara (IKN).

Yuk saksikan video selengkapnya pada ATR/BPN Podcast berikut ya Sob ‚òùüèª

https://t.co/vkzTkDLOtm

@ikn_id

#IKN‚Äã
#negaRAhadir
#RoadToWakatobi
#GTRASummit2022 https://t.co/IiHCdHz24K","[{'text': 'SobATRBPN', 'indices': [18, 28]}]"
atrbpn_muba,"Akun Resmi Kantor Pertanahan Kabupaten Musi Banyuasin
Melayani, Profesional, Terpercaya
#ATRBPNKiniLebihBaik
#ATRBPNMajudanModern
#MelayaniProfesionalTerpercaya",,3,14,1973,2020-04-20 10:43:22,2022-06-01 14:49:40,54,"Halo #SobATRBPN, Kementerian ATR/BPN berperan dalam kelangsungan perencanaan pemindahan Ibu Kota Negara (IKN).

Yuk saksikan video selengkapnya pada ATR/BPN Podcast berikut ya Sob ‚òùüèª

https://t.co/vkzTkDLOtm

@ikn_id

#IKN‚Äã
#negaRAhadir
#RoadToWakatobi
#GTRASummit2022 https://t.co/IiHCdHz24K","[{'text': 'SobATRBPN', 'indices': [18, 28]}]"
kantahkabmura,"MELAYANI, PROFESIONAL, dan TERPERCAYA","Kalimantan Tengah, Indonesia",430,243,2458,2020-05-28 05:29:46,2022-06-01 14:48:18,54,"Halo #SobATRBPN, Kementerian ATR/BPN berperan dalam kelangsungan perencanaan pemindahan Ibu Kota Negara (IKN).

Yuk saksikan video selengkapnya pada ATR/BPN Podcast berikut ya Sob ‚òùüèª

https://t.co/vkzTkDLOtm

@ikn_id

#IKN‚Äã
#negaRAhadir
#RoadToWakatobi
#GTRASummit2022 https://t.co/IiHCdHz24K","[{'text': 'SobATRBPN', 'indices': [18, 28]}]"
atr_bpn,Akun twitter resmi Kementerian Agraria dan Tata Ruang/Badan Pertanahan Nasional | IG: Kementerian.ATRBPN | Pengaduan: #TanyaATRBPN,Jl. Sisingamangaraja No. 2,528,143194,21025,2014-10-31 12:00:50,2022-06-01 14:44:43,54,"Halo #SobATRBPN, Kementerian ATR/BPN berperan dalam kelangsungan perencanaan pemindahan Ibu Kota Negara (IKN).

Yuk saksikan video selengkapnya pada ATR/BPN Podcast berikut ya Sob ‚òùüèª

https://t.co/vkzTkDLOtm

@ikn_id

#IKN‚Äã
#negaRAhadir
#RoadToWakatobi
#GTRASummit2022 https://t.co/IiHCdHz24K","[{'text': 'SobATRBPN', 'indices': [5, 15]}, {'text': 'IKN', 'indices': [218, 222]}, {'text': 'negaRAhadir', 'indices': [224, 236]}, {'text': 'RoadToWakatobi', 'indices': [237, 252]}, {'text': 'GTRASummit2022', 'indices': [253, 268]}]"
aspiansyahtibyn,Statistics ‚Ä¢ Economics ‚Ä¢ #IbuKotaNegara ‚Ä¢ #MenujuIndonesiaMaju,"South Borneo, Indonesia",185,2176,420,2018-08-06 06:08:49,2022-06-01 14:14:44,0,"Mohon maaf ini bukan SARA, ini tentang keadilan sosial dan pemerataan pembangunan üôè

#IKN
#IKNNusantara
#IbuKotaNegara

https://t.co/wjrJA3di8K","[{'text': 'IKN', 'indices': [85, 89]}, {'text': 'IKNNusantara', 'indices': [90, 103]}, {'text': 'IbuKotaNegara', 'indices': [104, 118]}]"
Jelita2020,"There's no wrong or right. Just write!

| Bhineka Tunggal Ika | NKRI |",West Java,1879,1766,19675,2019-12-25 00:56:31,2022-06-01 14:06:04,4,"Belanja Infrastruktur 2023 Rp 417 T, Sri Mulyani Sebut Proyek IKN Tahun Depan https://t.co/PxNvflrrnD #Infrastruktur #Ikn #IbuKotaNegara #SriMulyani","[{'text': 'Infrastruktur', 'indices': [123, 137]}]"
giberakata,https://t.co/P7dpEWdWl3,,2485,2269,19751,2019-12-03 05:56:26,2022-06-01 14:03:33,4,"Belanja Infrastruktur 2023 Rp 417 T, Sri Mulyani Sebut Proyek IKN Tahun Depan https://t.co/PxNvflrrnD #Infrastruktur #Ikn #IbuKotaNegara #SriMulyani","[{'text': 'Infrastruktur', 'indices': [123, 137]}]"
wahananewsdotco,Akun Resmi Media Wahana News - Inspirasi Konsumen Indonesia,Jakarta,4779,4958,23027,2019-05-04 03:32:58,2022-06-01 14:03:06,4,"Belanja Infrastruktur 2023 Rp 417 T, Sri Mulyani Sebut Proyek IKN Tahun Depan https://t.co/PxNvflrrnD #Infrastruktur #Ikn #IbuKotaNegara #SriMulyani","[{'text': 'Infrastruktur', 'indices': [102, 116]}, {'text': 'Ikn', 'indices': [117, 121]}, {'text': 'IbuKotaNegara', 'indices': [122, 136]}, {'text': 'SriMulyani', 'indices': [137, 148]}]"
OmahGres,bagimu negeri jiwaraga kami üáÆüá©,,469,344,2142,2021-01-15 07:59:11,2022-06-01 13:49:40,9,"IKN Nusantara menggunakan konsep Green City dan Forest City, yang prinsip utamanya adalah mendesain sesuai kondisi alam. 

#IbukotaNegara
#IKN 
#SemangatNusantara https://t.co/Uc9tBJ3gsp",[]
Mawwwrenz,,,3,3,336,2021-12-24 18:18:25,2022-06-01 13:47:21,0,"#IbukotaNegara #IKN Nusantara membawa dampak positif bagi pertumbuhan ekonomi di Kalimantan
#SemangatNusantara https://t.co/2NUljge24f","[{'text': 'IbukotaNegara', 'indices': [0, 14]}, {'text': 'IKN', 'indices': [15, 19]}, {'text': 'SemangatNusantara', 'indices': [92, 110]}]"
Lannymelisz,,,23,32,180,2021-12-24 18:20:51,2022-06-01 13:47:09,0,"#IbukotaNegara #IKN Nusantara membawa dampak positif bagi pertumbuhan ekonomi di Kalimantan
#SemangatNusantara https://t.co/Bxv14auYhu","[{'text': 'IbukotaNegara', 'indices': [0, 14]}, {'text': 'IKN', 'indices': [15, 19]}, {'text': 'SemangatNusantara', 'indices': [92, 110]}]"
Krisnhantho,,,17,10,356,2021-12-24 18:17:30,2022-06-01 13:47:03,0,"#IbukotaNegara #IKN Nusantara membawa dampak positif bagi pertumbuhan ekonomi di Kalimantan
#SemangatNusantara https://t.co/0FZ0O4NFMJ","[{'text': 'IbukotaNegara', 'indices': [0, 14]}, {'text': 'IKN', 'indices': [15, 19]}, {'text': 'SemangatNusantara', 'indices': [92, 110]}]"
Chind1s,,,10,14,317,2021-12-24 18:08:50,2022-06-01 13:46:55,0,"#IbukotaNegara #IKN Nusantara membawa dampak positif bagi pertumbuhan ekonomi di Kalimantan
#SemangatNusantara https://t.co/zkhXO8fKWK","[{'text': 'IbukotaNegara', 'indices': [0, 14]}, {'text': 'IKN', 'indices': [15, 19]}, {'text': 'SemangatNusantara', 'indices': [92, 110]}]"
Charinazzz,,,23,21,369,2021-12-24 18:19:59,2022-06-01 13:46:49,0,"#IbukotaNegara #IKN Nusantara membawa dampak positif bagi pertumbuhan ekonomi di Kalimantan
#SemangatNusantara https://t.co/FqK4cjpZDh","[{'text': 'IbukotaNegara', 'indices': [0, 14]}, {'text': 'IKN', 'indices': [15, 19]}, {'text': 'SemangatNusantara', 'indices': [92, 110]}]"
Brendamisc,,,117,204,212,2021-12-24 18:21:16,2022-06-01 13:46:44,0,"#IbukotaNegara #IKN Nusantara membawa dampak positif bagi pertumbuhan ekonomi di Kalimantan
#SemangatNusantara https://t.co/leCFcV0Q1l","[{'text': 'IbukotaNegara', 'indices': [0, 14]}, {'text': 'IKN', 'indices': [15, 19]}, {'text': 'SemangatNusantara', 'indices': [92, 110]}]"
autowinz,,,8,7,368,2021-12-24 18:16:17,2022-06-01 13:46:39,0,"#IbukotaNegara #IKN Nusantara membawa dampak positif bagi pertumbuhan ekonomi di Kalimantan
#SemangatNusantara https://t.co/9pD7IUCGzm","[{'text': 'IbukotaNegara', 'indices': [0, 14]}, {'text': 'IKN', 'indices': [15, 19]}, {'text': 'SemangatNusantara', 'indices': [92, 110]}]"
Angelalichue,,Palangkaraya,25,24,1002,2021-12-24 18:17:52,2022-06-01 13:46:33,0,"#IbukotaNegara #IKN Nusantara membawa dampak positif bagi pertumbuhan ekonomi di Kalimantan
#SemangatNusantara https://t.co/yoL4bHbtIE","[{'text': 'IbukotaNegara', 'indices': [0, 14]}, {'text': 'IKN', 'indices': [15, 19]}, {'text': 'SemangatNusantara', 'indices': [92, 110]}]"
Amarizahhh,,,83,77,1014,2021-12-24 18:17:39,2022-06-01 13:46:23,0,"#IbukotaNegara #IKN Nusantara membawa dampak positif bagi pertumbuhan ekonomi di Kalimantan
#SemangatNusantara https://t.co/1CbiRZCZ9U","[{'text': 'IbukotaNegara', 'indices': [0, 14]}, {'text': 'IKN', 'indices': [15, 19]}, {'text': 'SemangatNusantara', 'indices': [92, 110]}]"
abangbelneg,"- NKRI üáÆüá© -
No Radical No Racism No Traitor
üïµÔ∏è‚Äç‚ôÇÔ∏èüïµÔ∏è‚Äç‚ôÄÔ∏è",Jakarta,2245,2115,2600,2011-11-16 11:23:03,2022-06-01 13:44:40,0,#IbukotaNegara #IKN Nusantara memberikan dampak positif di Kalimantan dengan membawa #SemangatNusantara https://t.co/AJgqjxe8Iu,"[{'text': 'IbukotaNegara', 'indices': [0, 14]}, {'text': 'IKN', 'indices': [15, 19]}, {'text': 'SemangatNusantara', 'indices': [85, 103]}]"
abangbelneg,"- NKRI üáÆüá© -
No Radical No Racism No Traitor
üïµÔ∏è‚Äç‚ôÇÔ∏èüïµÔ∏è‚Äç‚ôÄÔ∏è",Jakarta,2245,2115,2600,2011-11-16 11:23:03,2022-06-01 13:40:39,0,"#IbukotaNegara #IKN Nusantara memberikan dampak positif di Kalimantan karena akan meningkatkan perekonomian
#SemangatNusantara https://t.co/YOjA6zYCf8","[{'text': 'IbukotaNegara', 'indices': [0, 14]}, {'text': 'IKN', 'indices': [15, 19]}, {'text': 'SemangatNusantara', 'indices': [108, 126]}]"
tribunkaltim,,"Balikpapan, Indonesia",3582,31899,300794,2010-01-10 11:53:59,2022-06-01 10:11:21,0,"Mau Berdomisili di Ibu Kota Baru? Ini Daftar Tanah dan Rumah Murah di Sekitar IKN Nusantara,
 
https://t.co/Uzq0hnDOZ7 lewat @tribunkaltim #IKN #rumahmurah #IbuKotaNegara #Nusantara","[{'text': 'IKN', 'indices': [139, 143]}, {'text': 'rumahmurah', 'indices': [144, 155]}, {'text': 'IbuKotaNegara', 'indices': [156, 170]}, {'text': 'Nusantara', 'indices': [171, 181]}]"
Negriku7,sabr adalah kunci utama,"DKI Jakarta, Indonesia",7,14,949,2021-05-24 09:17:54,2022-06-01 09:56:52,1,#IKN Nusantara untuk Indonesia lebih baik! https://t.co/Vbqvo0e6f4,"[{'text': 'IKN', 'indices': [20, 24]}]"
tribunkaltim,,"Balikpapan, Indonesia",3582,31899,300794,2010-01-10 11:53:59,2022-06-01 09:33:00,0,"Kementerian ATR/BPN Jelaskan Patok Ilegal di IKN, Lahan Warga di Kawasan Inti IKN sudah Didata
 
#IKN #IbuKotaNegara #IKNNusantara #PenajamPaserUtara #PPU #Kaltim #KalimantanTimur

https://t.co/iuBsjyOIIL lewat @tribunkaltim","[{'text': 'IKN', 'indices': [97, 101]}, {'text': 'IbuKotaNegara', 'indices': [102, 116]}, {'text': 'IKNNusantara', 'indices': [117, 130]}, {'text': 'PenajamPaserUtara', 'indices': [131, 149]}, {'text': 'PPU', 'indices': [150, 154]}, {'text': 'Kaltim', 'indices': [155, 162]}, {'text': 'KalimantanTimur', 'indices': [163, 179]}]"
WartaFaktual,Mewartakan Fakta,Indonesia,24,1067,99,2022-03-06 19:47:24,2022-06-01 09:04:30,0,"MK tolak enam gugatan UU IKN
#IbukotaNegara
#IKN
#SemangatNusantara https://t.co/VAYS2nuwlV","[{'text': 'IbukotaNegara', 'indices': [29, 43]}, {'text': 'IKN', 'indices': [44, 48]}, {'text': 'SemangatNusantara', 'indices': [49, 67]}]"
RayaQanita,@RÃΩÕìaÃΩÕìyÃΩÕìaÃΩÕì ÃΩÕìQÃΩÕìaÃΩÕìnÃΩÕìiÃΩÕìtÃΩÕìaÃΩÕì,"Makassar, Indonesia",53,35,140,2021-06-13 17:46:58,2022-06-01 08:25:35,0,"Gugatan terhadap IKN ditolak, IKN mendukung kemajuan Indonesia
#IbukotaNegara
#IKN
#SemangatNusantara https://t.co/ygZDBfV6Uk","[{'text': 'IbukotaNegara', 'indices': [63, 77]}, {'text': 'IKN', 'indices': [78, 82]}, {'text': 'SemangatNusantara', 'indices': [83, 101]}]"
ROctavianni,ùêÄùêÆùê≠ùê® ùêÖùê®ùê•ùê•ùê®ùê∞ ùêÅùêöùêúùê§,"Makassar, Indonesia",313,157,482,2020-12-18 21:27:06,2022-06-01 08:25:18,0,"Gugatan terhadap IKN ditolak, IKN mendukung kemajuan Indonesia
#IbukotaNegara
#IKN
#SemangatNusantara https://t.co/9P1Pe7uMmO","[{'text': 'IbukotaNegara', 'indices': [63, 77]}, {'text': 'IKN', 'indices': [78, 82]}, {'text': 'SemangatNusantara', 'indices': [83, 101]}]"
RSupardji,Bertasbihlah disetiap langkahmu,"Makassar, Indonesia",306,259,1076,2020-05-15 17:09:00,2022-06-01 08:25:06,0,"Gugatan terhadap IKN ditolak, IKN mendukung kemajuan Indonesia
#IbukotaNegara
#IKN
#SemangatNusantara https://t.co/qmUlh5l23j","[{'text': 'IbukotaNegara', 'indices': [63, 77]}, {'text': 'IKN', 'indices': [78, 82]}, {'text': 'SemangatNusantara', 'indices': [83, 101]}]"
WartaFaktual,Mewartakan Fakta,Indonesia,24,1067,99,2022-03-06 19:47:24,2022-06-01 07:48:21,0,"MK tolak gugatan UU IKN dari Busyro Muqoddas dkk
#IbukotaNegara
#IKN
#SemangatNusantara https://t.co/K2o1k3rydc","[{'text': 'IbukotaNegara', 'indices': [49, 63]}, {'text': 'IKN', 'indices': [64, 68]}, {'text': 'SemangatNusantara', 'indices': [69, 87]}]"
tribunkaltim,,"Balikpapan, Indonesia",3582,31899,300794,2010-01-10 11:53:59,2022-06-01 07:39:29,0,"MENDADAK ADA PATOK TANAH YANG BARU DI LOKASI INTI IKN NUSANTARA, BPN: POLDA KALTIM AKAN TURUN TANGAN

#TribunKaltim #IKNNusantara #IKN #PenajamPaserUtara #Kaltim
 
https://t.co/EPOtzGhefs lewat @tribunkaltim","[{'text': 'TribunKaltim', 'indices': [102, 115]}, {'text': 'IKNNusantara', 'indices': [116, 129]}, {'text': 'IKN', 'indices': [130, 134]}, {'text': 'PenajamPaserUtara', 'indices': [135, 153]}, {'text': 'Kaltim', 'indices': [154, 161]}]"
Maju1Indonesia,"Membagikan pandangan positif untuk Indonesia Maju
Jangan Lupa Di Follow",,112,19,220,2019-10-23 18:34:22,2022-06-01 07:33:31,0,MK Tolak gugatan UU #IKN https://t.co/WE1ekW9otM,"[{'text': 'IKN', 'indices': [20, 24]}]"
Maju1Indonesia,"Membagikan pandangan positif untuk Indonesia Maju
Jangan Lupa Di Follow",,112,19,220,2019-10-23 18:34:22,2022-06-01 07:33:00,0,"Konsep Green City, di #IKN https://t.co/bW4R2jEYUQ","[{'text': 'IKN', 'indices': [22, 26]}]"
Maju1Indonesia,"Membagikan pandangan positif untuk Indonesia Maju
Jangan Lupa Di Follow",,112,19,220,2019-10-23 18:34:22,2022-06-01 07:32:14,0,#IKN Nusantara bertujuan untuk peningkatan perekonomian negeri https://t.co/jTA1IKTOfv,"[{'text': 'IKN', 'indices': [0, 4]}]"
Maju1Indonesia,"Membagikan pandangan positif untuk Indonesia Maju
Jangan Lupa Di Follow",,112,19,220,2019-10-23 18:34:22,2022-06-01 07:31:18,0,Pemindahan #IKN dapat meningkatkan kesejahteraan #SemangatNusantara https://t.co/q2BuTIGXNd,"[{'text': 'IKN', 'indices': [11, 15]}, {'text': 'SemangatNusantara', 'indices': [49, 67]}]"
Maju1Indonesia,"Membagikan pandangan positif untuk Indonesia Maju
Jangan Lupa Di Follow",,112,19,220,2019-10-23 18:34:22,2022-06-01 07:29:34,1,#IKN Nusantara untuk Indonesia lebih baik! https://t.co/Vbqvo0e6f4,"[{'text': 'IKN', 'indices': [0, 4]}]"
Fauzia_333,"Alhamdulillah, give thanks Yaa Allah..",Indonesia,947,176,3426,2010-12-12 10:51:07,2022-06-01 07:03:47,0,"Titik Nol Kilometer Ibukota Negara Indonesia.

#ikn #titiknol #balikapapan @ Titik Nol Kilometer Ibu Kota Negara.kecamatan Sepaku Kabupaten Ppu. https://t.co/faJXGfWJcK","[{'text': 'ikn', 'indices': [47, 51]}, {'text': 'titiknol', 'indices': [52, 61]}, {'text': 'balikapapan', 'indices': [62, 74]}]"
Evangel42266552,"NKRI üáÆüá© Bhineka Tunggal Eka üáÆüá©100%folback penjaga NKRIüáÆüá©
‚õî Kadrun ‚õî PKS‚õî No Porn","Semarang Barat, Indonesia",708,407,657,2021-09-28 03:50:16,2022-06-01 07:02:11,11,"Konsep Green City merupakan konsep yang sangat baik karena akan tetap menjaga kelestarian alam yang ada di Kalimantan. 
#IbukotaNegara
#IKN
#SemangatNusantara
#fff #followforfollowback https://t.co/bPXAizW3YA",[]
putrakelana1984,"Pemerhati sosial, Pro NKRI üáÆüá©üáÆüá©‚ù§Ô∏èüáÆüá©",Kota Semarang,2393,1489,2228,2022-03-02 02:13:31,2022-06-01 07:00:32,11,"Konsep Green City merupakan konsep yang sangat baik karena akan tetap menjaga kelestarian alam yang ada di Kalimantan. 
#IbukotaNegara
#IKN
#SemangatNusantara
#fff #followforfollowback https://t.co/bPXAizW3YA",[]
giberakata,https://t.co/P7dpEWdWl3,,2485,2269,19751,2019-12-03 05:56:26,2022-06-01 06:42:02,4,"MK Tak Menerima Enam Gugatan Uji Formil UU IKN, Ini Alasannya https://t.co/lR2JQMx6hQ #Mk #MahkamahKonstitusi #Ikn #GugatanTentangIkn","[{'text': 'Mk', 'indices': [107, 110]}, {'text': 'MahkamahKonstitusi', 'indices': [111, 130]}, {'text': 'Ikn', 'indices': [131, 135]}]"
Jelita2020,"There's no wrong or right. Just write!

| Bhineka Tunggal Ika | NKRI |",West Java,1879,1766,19675,2019-12-25 00:56:31,2022-06-01 06:42:02,4,"MK Tak Menerima Enam Gugatan Uji Formil UU IKN, Ini Alasannya https://t.co/lR2JQMx6hQ #Mk #MahkamahKonstitusi #Ikn #GugatanTentangIkn","[{'text': 'Mk', 'indices': [107, 110]}, {'text': 'MahkamahKonstitusi', 'indices': [111, 130]}, {'text': 'Ikn', 'indices': [131, 135]}]"
wahananewsdotco,Akun Resmi Media Wahana News - Inspirasi Konsumen Indonesia,Jakarta,4779,4958,23027,2019-05-04 03:32:58,2022-06-01 06:39:03,4,"MK Tak Menerima Enam Gugatan Uji Formil UU IKN, Ini Alasannya https://t.co/lR2JQMx6hQ #Mk #MahkamahKonstitusi #Ikn #GugatanTentangIkn","[{'text': 'Mk', 'indices': [86, 89]}, {'text': 'MahkamahKonstitusi', 'indices': [90, 109]}, {'text': 'Ikn', 'indices': [110, 114]}, {'text': 'GugatanTentangIkn', 'indices': [115, 133]}]"
GilangTirta14,,,45,17,289,2022-03-28 02:02:20,2022-06-01 06:35:20,9,"IKN Nusantara menggunakan konsep Green City dan Forest City, yang prinsip utamanya adalah mendesain sesuai kondisi alam. 

#IbukotaNegara
#IKN 
#SemangatNusantara https://t.co/Uc9tBJ3gsp",[]
PutriAnya15,,,37,159,321,2022-03-28 02:13:19,2022-06-01 06:34:43,9,"IKN Nusantara menggunakan konsep Green City dan Forest City, yang prinsip utamanya adalah mendesain sesuai kondisi alam. 

#IbukotaNegara
#IKN 
#SemangatNusantara https://t.co/Uc9tBJ3gsp",[]
geandin17,,,64,136,350,2022-03-30 03:28:12,2022-06-01 06:34:01,9,"IKN Nusantara menggunakan konsep Green City dan Forest City, yang prinsip utamanya adalah mendesain sesuai kondisi alam. 

#IbukotaNegara
#IKN 
#SemangatNusantara https://t.co/Uc9tBJ3gsp",[]
Graceumbu1,,,39,34,439,2022-03-11 05:05:23,2022-06-01 06:33:15,9,"IKN Nusantara menggunakan konsep Green City dan Forest City, yang prinsip utamanya adalah mendesain sesuai kondisi alam. 

#IbukotaNegara
#IKN 
#SemangatNusantara https://t.co/Uc9tBJ3gsp",[]
BetaNTT5,,,108,439,463,2022-02-28 00:27:40,2022-06-01 06:32:31,9,"IKN Nusantara menggunakan konsep Green City dan Forest City, yang prinsip utamanya adalah mendesain sesuai kondisi alam. 

#IbukotaNegara
#IKN 
#SemangatNusantara https://t.co/Uc9tBJ3gsp",[]
HumauTinus,,,74,53,467,2021-11-29 05:44:44,2022-06-01 06:31:50,9,"IKN Nusantara menggunakan konsep Green City dan Forest City, yang prinsip utamanya adalah mendesain sesuai kondisi alam. 

#IbukotaNegara
#IKN 
#SemangatNusantara https://t.co/Uc9tBJ3gsp",[]
Yakaligkuyhehe,,,22,141,400,2022-03-29 03:14:52,2022-06-01 06:21:43,9,"IKN Nusantara menggunakan konsep Green City dan Forest City, yang prinsip utamanya adalah mendesain sesuai kondisi alam. 

#IbukotaNegara
#IKN 
#SemangatNusantara https://t.co/Uc9tBJ3gsp",[]
BWijayaku,Berita adalah sumber Informasi yang dapat mengisi ruang dan hati kita dengan Pengetahuan.,"Temanggung, Indonesia",933,603,1347,2021-06-17 10:19:36,2022-06-01 06:16:26,11,"Konsep Green City merupakan konsep yang sangat baik karena akan tetap menjaga kelestarian alam yang ada di Kalimantan. 
#IbukotaNegara
#IKN
#SemangatNusantara
#fff #followforfollowback https://t.co/bPXAizW3YA",[]
ArabMulyo,Pancasila Ada di Jiwa Raga Ini.,"Pekalongan Utara, Indonesia",962,581,1276,2021-06-18 10:28:07,2022-06-01 06:11:49,11,"Konsep Green City merupakan konsep yang sangat baik karena akan tetap menjaga kelestarian alam yang ada di Kalimantan. 
#IbukotaNegara
#IKN
#SemangatNusantara
#fff #followforfollowback https://t.co/bPXAizW3YA",[]
KikiDWibowo,Pelan Tapi Pasti,,1585,940,171,2022-02-28 04:02:03,2022-06-01 06:09:01,11,"Konsep Green City merupakan konsep yang sangat baik karena akan tetap menjaga kelestarian alam yang ada di Kalimantan. 
#IbukotaNegara
#IKN
#SemangatNusantara
#fff #followforfollowback https://t.co/bPXAizW3YA",[]
CitraPurnama92,do what you love and love what you do,,355,267,1506,2021-02-03 11:47:47,2022-06-01 05:11:49,0,"Pemindahan IKN Meningkatkan Kesejahteraan Masyarakat Kaltim 
#IbukotaNegara
#IKN
#SemangatNusantara https://t.co/HAv8ERYE3w","[{'text': 'IbukotaNegara', 'indices': [61, 75]}, {'text': 'IKN', 'indices': [76, 80]}, {'text': 'SemangatNusantara', 'indices': [81, 99]}]"
CitraPurnama92,do what you love and love what you do,,355,267,1506,2021-02-03 11:47:47,2022-06-01 05:11:17,0,"Pemindahan IKN Tingkatkan Perekonomian Menjaga Kelestarian Alam dan Budaya 
#IbukotaNegara
#IKN
#SemangatNusantara https://t.co/1rAmYmIHSp","[{'text': 'IbukotaNegara', 'indices': [76, 90]}, {'text': 'IKN', 'indices': [91, 95]}, {'text': 'SemangatNusantara', 'indices': [96, 114]}]"
AryoDek0,"Berdoalah, Karena Kita Adalah Manusia Bertuhan.","Wonosobo, Indonesia",841,417,1522,2021-05-24 14:07:55,2022-06-01 05:10:58,11,"Konsep Green City merupakan konsep yang sangat baik karena akan tetap menjaga kelestarian alam yang ada di Kalimantan. 
#IbukotaNegara
#IKN
#SemangatNusantara
#fff #followforfollowback https://t.co/bPXAizW3YA",[]
CitraPurnama92,do what you love and love what you do,,355,267,1506,2021-02-03 11:47:47,2022-06-01 05:10:27,0,"IKN Nusantara Pertahankan Kelestarian Lingkungan 
#IbukotaNegara
#IKN
#SemangatNusantara https://t.co/FSeSrjgZI1","[{'text': 'IbukotaNegara', 'indices': [50, 64]}, {'text': 'IKN', 'indices': [65, 69]}, {'text': 'SemangatNusantara', 'indices': [70, 88]}]"
CitraPurnama92,do what you love and love what you do,,355,267,1506,2021-02-03 11:47:47,2022-06-01 05:04:31,0,"Konsep Green City Merupakan Konsep Yang Yang Sangat Baik
#IbukotaNegara
#IKN
#SemangatNusantara https://t.co/jLkr61z6DV","[{'text': 'IbukotaNegara', 'indices': [57, 71]}, {'text': 'IKN', 'indices': [72, 76]}, {'text': 'SemangatNusantara', 'indices': [77, 95]}]"
Purnama35460116,,,83,69,941,2021-07-09 08:33:58,2022-06-01 05:02:21,1,"Konsep Green city merupakan konsep sangat baik
#IbukotaNegara
#IKN
#SemangatNusantara https://t.co/ZVS9l6UKFR","[{'text': 'IbukotaNegara', 'indices': [68, 82]}, {'text': 'IKN', 'indices': [83, 87]}, {'text': 'SemangatNusantara', 'indices': [88, 106]}]"
VIVAcoid,,,3,4536814,1510074,2009-05-22 02:19:27,2022-06-01 05:00:08,1,"Menteri Keuangan Sri Mulyani Indrawati mengungkapkan belanja infrastruktur pada 2023 dianggarkan pada kisaran Rp367,7 triliun sampai Rp417,7 triliun. Anggaran pembangunan Ibu Kota Negara (IKN) Nusantara.

Selengkapnya : https://t.co/G5pbPUMmRu
__
#Vivacoid #IKN #Srimulyani https://t.co/hirksKYwPX","[{'text': 'Vivacoid', 'indices': [247, 256]}, {'text': 'IKN', 'indices': [257, 261]}, {'text': 'Srimulyani', 'indices': [262, 273]}]"
Purnama35460116,,,83,69,941,2021-07-09 08:33:58,2022-06-01 04:51:20,1,"Konsep Green city merupakan konsep sangat baik
#IbukotaNegara
#IKN
#SemangatNusantara https://t.co/ZVS9l6UKFR","[{'text': 'IbukotaNegara', 'indices': [47, 61]}, {'text': 'IKN', 'indices': [62, 66]}, {'text': 'SemangatNusantara', 'indices': [67, 85]}]"
BTISatu01,Bhineka Tunggal Ika,,146,61,487,2022-03-01 09:55:05,2022-06-01 04:42:29,0,"Demi kemajuan Bangsa Mari kita dukung IKN.
#IbukotaNegara
#IKN
#SemangatNusantara https://t.co/EhgvH4rbkx","[{'text': 'IbukotaNegara', 'indices': [43, 57]}, {'text': 'IKN', 'indices': [58, 62]}, {'text': 'SemangatNusantara', 'indices': [63, 81]}]"
WartaFaktual,Mewartakan Fakta,Indonesia,24,1067,99,2022-03-06 19:47:24,2022-06-01 03:58:10,0,"Konsep Green City merupakan konsep yang sangat baik karena akan tetap menjaga kelestarian alam yang ada di Kalimantan
#IbukotaNegara
#IKN
#SemangatNusantara https://t.co/pjHklEuwPc","[{'text': 'IbukotaNegara', 'indices': [118, 132]}, {'text': 'IKN', 'indices': [133, 137]}, {'text': 'SemangatNusantara', 'indices': [138, 156]}]"
hamaro_id,,,8484,9674,250423,2010-12-25 02:14:33,2022-06-01 03:31:12,1,"Siemens kepincut ikut proyek di IKN untuk garap Energi Hijau
----
Siemens 
----
#ikn #nusantara
#SukseskanPembangunanRI https://t.co/2gd38M9G1n","[{'text': 'ikn', 'indices': [97, 101]}, {'text': 'nusantara', 'indices': [102, 112]}, {'text': 'SukseskanPembangunanRI', 'indices': [113, 136]}]"
tribunkaltim,,"Balikpapan, Indonesia",3582,31899,300794,2010-01-10 11:53:59,2022-06-01 03:23:09,0,"Kementerian ATR/BPN Jelaskan Patok Ilegal di IKN, Lahan Warga di Kawasan Inti IKN sudah Didata
 
#IKN #IbuKotaNegara #IKNNusantara #PenajamPaserUtara #PPU #Kaltim #KalimantanTimur

https://t.co/iuBsjyPgyj lewat @tribunkaltim","[{'text': 'IKN', 'indices': [97, 101]}, {'text': 'IbuKotaNegara', 'indices': [102, 116]}, {'text': 'IKNNusantara', 'indices': [117, 130]}, {'text': 'PenajamPaserUtara', 'indices': [131, 149]}, {'text': 'PPU', 'indices': [150, 154]}, {'text': 'Kaltim', 'indices': [155, 162]}, {'text': 'KalimantanTimur', 'indices': [163, 179]}]"
hamaro_id,,,8484,9674,250423,2010-12-25 02:14:33,2022-06-01 03:21:21,1,"Makin Serius 
Pembangunan IKN libatkan Tim Ahli dr Jepang 
------
#IKN #Nusantara
#SukseskanPembangunanRI https://t.co/FVPur2v2De","[{'text': 'IKN', 'indices': [83, 87]}, {'text': 'Nusantara', 'indices': [88, 98]}, {'text': 'SukseskanPembangunanRI', 'indices': [99, 122]}]"
pancasilan1,,Brebes,43,31,2397,2021-02-03 09:44:17,2022-06-01 03:01:49,11,"Konsep Green City merupakan konsep yang sangat baik karena akan tetap menjaga kelestarian alam yang ada di Kalimantan. 
#IbukotaNegara
#IKN
#SemangatNusantara
#fff #followforfollowback https://t.co/bPXAizW3YA",[]
penjagagaruda,,,28,25,1736,2021-02-03 09:52:54,2022-06-01 03:01:15,11,"Konsep Green City merupakan konsep yang sangat baik karena akan tetap menjaga kelestarian alam yang ada di Kalimantan. 
#IbukotaNegara
#IKN
#SemangatNusantara
#fff #followforfollowback https://t.co/bPXAizW3YA",[]
risauma68144702,IG : @risa.umami16,Wonosobo,28,19,2187,2021-02-09 10:05:44,2022-06-01 02:59:41,11,"Konsep Green City merupakan konsep yang sangat baik karena akan tetap menjaga kelestarian alam yang ada di Kalimantan. 
#IbukotaNegara
#IKN
#SemangatNusantara
#fff #followforfollowback https://t.co/bPXAizW3YA",[]
DenpasarKota,"Akun Resmi Pemkot Denpasar dikelola Diskominfos 

#DenpasarKota #ProDenpasar
Kanal media lainnya klik link ‚Üì‚Üì‚Üì","Denpasar, Bali",268,20472,20758,2012-01-26 11:53:49,2022-06-01 02:48:41,4,"SohIB pasti sudah tahu kalau #IbuKota kita akan berpindah dari Jakarta ke #Nusantara pada 2024 mendatang. Seperti apa ya perjalanan dan fakta dibalik perpindahan Ibu Kota Indonesia dari masa ke masa? 

#IndonesiaBaik #YangMudaSukaData #IKN #IbuKotaNegara #Sejarah #KominfoNewsroom https://t.co/haWcJB9We5","[{'text': 'IbuKota', 'indices': [50, 58]}, {'text': 'Nusantara', 'indices': [95, 105]}]"
manusiabisaya,,"Cilacap, Jawa Tengah",22,1310,563,2021-02-03 05:32:27,2022-06-01 02:41:10,11,"Konsep Green City merupakan konsep yang sangat baik karena akan tetap menjaga kelestarian alam yang ada di Kalimantan. 
#IbukotaNegara
#IKN
#SemangatNusantara
#fff #followforfollowback https://t.co/bPXAizW3YA",[]
Teresaahm,,,38,120,298,2021-12-24 18:14:10,2022-06-01 02:36:29,0,"konsep green city #IbukotaNegara
#IKN Nusantara merupakan konsep yang baik karena tetap menjaga kelestarian alam Kalimantan 
#SemangatNusantara https://t.co/PuOJLKRFwi","[{'text': 'IbukotaNegara', 'indices': [18, 32]}, {'text': 'IKN', 'indices': [33, 37]}, {'text': 'SemangatNusantara', 'indices': [125, 143]}]"
shienthaisme,,,30,47,137,2021-12-24 17:56:09,2022-06-01 02:36:23,0,"konsep green city #IbukotaNegara
#IKN Nusantara merupakan konsep yang baik karena tetap menjaga kelestarian alam Kalimantan 
#SemangatNusantara https://t.co/KicmadSABV","[{'text': 'IbukotaNegara', 'indices': [18, 32]}, {'text': 'IKN', 'indices': [33, 37]}, {'text': 'SemangatNusantara', 'indices': [125, 143]}]"
Safirasheva,,,35,29,247,2021-12-24 18:21:32,2022-06-01 02:36:18,0,"konsep green city #IbukotaNegara
#IKN Nusantara merupakan konsep yang baik karena tetap menjaga kelestarian alam Kalimantan 
#SemangatNusantara https://t.co/61eN0PTp53","[{'text': 'IbukotaNegara', 'indices': [18, 32]}, {'text': 'IKN', 'indices': [33, 37]}, {'text': 'SemangatNusantara', 'indices': [125, 143]}]"
SabrinaBachdiem,,,35,40,142,2021-12-24 17:59:59,2022-06-01 02:36:14,0,"konsep green city #IbukotaNegara
#IKN Nusantara merupakan konsep yang baik karena tetap menjaga kelestarian alam Kalimantan 
#SemangatNusantara https://t.co/bzF57heSDt","[{'text': 'IbukotaNegara', 'indices': [18, 32]}, {'text': 'IKN', 'indices': [33, 37]}, {'text': 'SemangatNusantara', 'indices': [125, 143]}]"
Natashanis,,,15,20,270,2021-12-24 17:49:12,2022-06-01 02:36:09,0,"konsep green city #IbukotaNegara
#IKN Nusantara merupakan konsep yang baik karena tetap menjaga kelestarian alam Kalimantan 
#SemangatNusantara https://t.co/PlyHWrdrPT","[{'text': 'IbukotaNegara', 'indices': [18, 32]}, {'text': 'IKN', 'indices': [33, 37]}, {'text': 'SemangatNusantara', 'indices': [125, 143]}]"
Mawwwrenz,,,3,3,336,2021-12-24 18:18:25,2022-06-01 02:36:05,0,"konsep green city #IbukotaNegara
#IKN Nusantara merupakan konsep yang baik karena tetap menjaga kelestarian alam Kalimantan 
#SemangatNusantara https://t.co/C5BsDBR7qM","[{'text': 'IbukotaNegara', 'indices': [18, 32]}, {'text': 'IKN', 'indices': [33, 37]}, {'text': 'SemangatNusantara', 'indices': [125, 143]}]"
Lannymelisz,,,23,32,180,2021-12-24 18:20:51,2022-06-01 02:36:00,0,"konsep green city #IbukotaNegara
#IKN Nusantara merupakan konsep yang baik karena tetap menjaga kelestarian alam Kalimantan 
#SemangatNusantara https://t.co/ZgOaVdCjpK","[{'text': 'IbukotaNegara', 'indices': [18, 32]}, {'text': 'IKN', 'indices': [33, 37]}, {'text': 'SemangatNusantara', 'indices': [125, 143]}]"
infosemar3,,"Semarang, Jawa Tengah",38,19007,441,2022-01-12 20:10:04,2022-06-01 02:31:31,11,"Konsep Green City merupakan konsep yang sangat baik karena akan tetap menjaga kelestarian alam yang ada di Kalimantan. 
#IbukotaNegara
#IKN
#SemangatNusantara
#fff #followforfollowback https://t.co/bPXAizW3YA","[{'text': 'IbukotaNegara', 'indices': [120, 134]}, {'text': 'IKN', 'indices': [135, 139]}, {'text': 'SemangatNusantara', 'indices': [140, 158]}, {'text': 'fff', 'indices': [159, 163]}, {'text': 'followforfollowback', 'indices': [164, 184]}]"
CostaDuma,,,57,35,262,2022-03-28 01:58:07,2022-06-01 02:17:12,9,"IKN Nusantara menggunakan konsep Green City dan Forest City, yang prinsip utamanya adalah mendesain sesuai kondisi alam. 

#IbukotaNegara
#IKN 
#SemangatNusantara https://t.co/Uc9tBJ3gsp",[]
TVRIKALTIM_,#mediapemersatubangsa,"Kalimantan Timur, Indonesia",65,1161,1692,2016-08-22 01:19:29,2022-06-01 02:16:07,0,"KTHI 31 Mei 2022 

IKN-Kaltim
Pemda meminta masyarakat untuk memanfaatkan momentum IKN sebagai pengembangan UMKM

#kalimantantimurhariini #tvri #mediapemersatubangsa #IKN #UMKM #infokalimantantimur #kalimantantimur https://t.co/O81ApWSyyh","[{'text': 'kalimantantimurhariini', 'indices': [114, 137]}, {'text': 'tvri', 'indices': [138, 143]}, {'text': 'mediapemersatubangsa', 'indices': [144, 165]}, {'text': 'IKN', 'indices': [166, 170]}, {'text': 'UMKM', 'indices': [171, 176]}, {'text': 'infokalimantantimur', 'indices': [177, 197]}, {'text': 'kalimantantimur', 'indices': [198, 214]}]"
Cintakamuayang,,,53,31,354,2022-03-28 04:08:13,2022-06-01 02:14:15,8,"Pembangunan IKN Nusantara akan mendorong pertumbuhan ekonomi nasional. Kesejahteraan masyarakat pasti akan bertambah, persiapkan diri sambut IKN

#IbukotaNegara
#IKN
#SemangatNusantara https://t.co/Z9NSs7ABOd","[{'text': 'IbukotaNegara', 'indices': [146, 160]}, {'text': 'IKN', 'indices': [161, 165]}, {'text': 'SemangatNusantara', 'indices': [166, 184]}]"
abangbelneg,"- NKRI üáÆüá© -
No Radical No Racism No Traitor
üïµÔ∏è‚Äç‚ôÇÔ∏èüïµÔ∏è‚Äç‚ôÄÔ∏è",Jakarta,2245,2115,2600,2011-11-16 11:23:03,2022-06-01 02:10:57,0,"pemindahan #IbukotaNegara #IKN Nusantara tingkatkan perekonomian Kalimantan
#SemangatNusantara https://t.co/YUYHuYQKFS","[{'text': 'IbukotaNegara', 'indices': [11, 25]}, {'text': 'IKN', 'indices': [26, 30]}, {'text': 'SemangatNusantara', 'indices': [76, 94]}]"
abangbelneg,"- NKRI üáÆüá© -
No Radical No Racism No Traitor
üïµÔ∏è‚Äç‚ôÇÔ∏èüïµÔ∏è‚Äç‚ôÄÔ∏è",Jakarta,2245,2115,2600,2011-11-16 11:23:03,2022-06-01 02:10:49,0,"konsep green city merupakan konsep yang sangat baik untuk mengaja kelestarian alam di Kalimantan
#IbukotaNegara
#IKN
#SemangatNusantara https://t.co/UXZAPeaYIz","[{'text': 'IbukotaNegara', 'indices': [97, 111]}, {'text': 'IKN', 'indices': [112, 116]}, {'text': 'SemangatNusantara', 'indices': [117, 135]}]"
Cintakamuayang,,,53,31,354,2022-03-28 04:08:13,2022-06-01 02:08:50,9,"IKN Nusantara menggunakan konsep Green City dan Forest City, yang prinsip utamanya adalah mendesain sesuai kondisi alam. 

#IbukotaNegara
#IKN 
#SemangatNusantara https://t.co/Uc9tBJ3gsp","[{'text': 'IbukotaNegara', 'indices': [123, 137]}, {'text': 'IKN', 'indices': [138, 142]}, {'text': 'SemangatNusantara', 'indices': [144, 162]}]"
atiduduwesi,"Sepele 
ning ojo Nyepelekke ..
Gampang
ning oji nggampangke ..
Kepenak
ning ojo sampenake dewe ..",Indonesia,2675,2139,1754,2021-04-26 19:25:28,2022-06-01 02:06:11,0,"Kementerian PUPR mulai mencari kontraktor untuk Bangun IKN Nusantara
-----
Proses pelelangan sudah dimulai sejak 30 Mei 2022
-----
#IKN #Nusantara
#SukseskanPembangunanRI https://t.co/084v4sZves","[{'text': 'IKN', 'indices': [131, 135]}, {'text': 'Nusantara', 'indices': [136, 146]}, {'text': 'SukseskanPembangunanRI', 'indices': [147, 170]}]"
atiduduwesi,"Sepele 
ning ojo Nyepelekke ..
Gampang
ning oji nggampangke ..
Kepenak
ning ojo sampenake dewe ..",Indonesia,2675,2139,1754,2021-04-26 19:25:28,2022-06-01 02:04:50,1,"Makin Serius 
Pembangunan IKN libatkan Tim Ahli dr Jepang 
------
#IKN #Nusantara
#SukseskanPembangunanRI https://t.co/FVPur2v2De","[{'text': 'IKN', 'indices': [66, 70]}, {'text': 'Nusantara', 'indices': [71, 81]}, {'text': 'SukseskanPembangunanRI', 'indices': [82, 105]}]"
atiduduwesi,"Sepele 
ning ojo Nyepelekke ..
Gampang
ning oji nggampangke ..
Kepenak
ning ojo sampenake dewe ..",Indonesia,2675,2139,1754,2021-04-26 19:25:28,2022-06-01 02:03:45,1,"Siemens kepincut ikut proyek di IKN untuk garap Energi Hijau
----
Siemens 
----
#ikn #nusantara
#SukseskanPembangunanRI https://t.co/2gd38M9G1n","[{'text': 'ikn', 'indices': [80, 84]}, {'text': 'nusantara', 'indices': [85, 95]}, {'text': 'SukseskanPembangunanRI', 'indices': [96, 119]}]"
YoyokSubandriy3,"Pencinta (alm) Bapak Ir. Sukarno dan (alm) Gus Dur
Akun diolah oleh tim manajemen
Tuanku adalah rakyat",Indonesia,2264,2069,374489,2018-11-03 11:28:07,2022-06-01 01:05:51,4,"SohIB pasti sudah tahu kalau #IbuKota kita akan berpindah dari Jakarta ke #Nusantara pada 2024 mendatang. Seperti apa ya perjalanan dan fakta dibalik perpindahan Ibu Kota Indonesia dari masa ke masa? 

#IndonesiaBaik #YangMudaSukaData #IKN #IbuKotaNegara #Sejarah #KominfoNewsroom https://t.co/haWcJB9We5","[{'text': 'IbuKota', 'indices': [50, 58]}, {'text': 'Nusantara', 'indices': [95, 105]}]"
TrisiyoWong,"Nek Wani Ojo Wedi¬≤, Nek Wedi Ojo Wani¬≤

#SobatNKRI
#JalinPersatuan
#RAZZER X‚ù§Ô∏è
#GerakanMERAHPUTIH
#NKRI",,8195,8332,32037,2018-04-05 06:24:01,2022-06-01 00:57:19,4,"SohIB pasti sudah tahu kalau #IbuKota kita akan berpindah dari Jakarta ke #Nusantara pada 2024 mendatang. Seperti apa ya perjalanan dan fakta dibalik perpindahan Ibu Kota Indonesia dari masa ke masa? 

#IndonesiaBaik #YangMudaSukaData #IKN #IbuKotaNegara #Sejarah #KominfoNewsroom https://t.co/haWcJB9We5","[{'text': 'IbuKota', 'indices': [50, 58]}, {'text': 'Nusantara', 'indices': [95, 105]}]"
HumasPolsekWat1,,,494,457,9139,2021-04-08 03:09:55,2022-06-01 00:55:17,4,"SohIB pasti sudah tahu kalau #IbuKota kita akan berpindah dari Jakarta ke #Nusantara pada 2024 mendatang. Seperti apa ya perjalanan dan fakta dibalik perpindahan Ibu Kota Indonesia dari masa ke masa? 

#IndonesiaBaik #YangMudaSukaData #IKN #IbuKotaNegara #Sejarah #KominfoNewsroom https://t.co/haWcJB9We5","[{'text': 'IbuKota', 'indices': [50, 58]}, {'text': 'Nusantara', 'indices': [95, 105]}]"
Lintas_MNCTV,"Berita bercerita menyampaikan fakta apa adanya, tanpa rekayasa. Informasi mengenai kegiatan dan liputan News MNCTV.",Indonesia,24,36446,205975,2009-07-30 03:22:52,2022-05-31 14:59:48,0,"Mahkamah Konstitusi Tolak Permohonan 6 Perkara Gugatan UU IKN 

Selengkapnya:
https://t.co/vld7lNfnnq

#MNCTV #MNCTVNews #MK #MahkamahKonstitusi #IKN #IbuKotaBaru https://t.co/sFUSwmZvfW","[{'text': 'MNCTV', 'indices': [103, 109]}, {'text': 'MNCTVNews', 'indices': [110, 120]}, {'text': 'MK', 'indices': [121, 124]}, {'text': 'MahkamahKonstitusi', 'indices': [125, 144]}, {'text': 'IKN', 'indices': [145, 149]}, {'text': 'IbuKotaBaru', 'indices': [150, 162]}]"
aspiansyahtibyn,Statistics ‚Ä¢ Economics ‚Ä¢ #IbuKotaNegara ‚Ä¢ #MenujuIndonesiaMaju,"South Borneo, Indonesia",185,2176,420,2018-08-06 06:08:49,2022-05-31 13:04:44,2,"Mari kita lanjutkan tukar pendapat yg sehat setelah MK menolak semua dalil para pemohon JR yg meminta penghentian Pembangunan Ibukota Nusantara. (Seandainya ada yg tidak puas). 
#IKN
#IndonesiaMajuBermutu",[]
tribunkaltim,,"Balikpapan, Indonesia",3582,31899,300794,2010-01-10 11:53:59,2022-05-31 10:48:50,0,"Rekomendasi Rumah Murah di IKN Nusantara, Lokasi Strategis, Ada yang Dekat Titik Nol
 
https://t.co/SPl5Tfzxm5 lewat @tribunkaltim #IKN #rumahmurah #IbuKotaNegara #Nusantara","[{'text': 'IKN', 'indices': [131, 135]}, {'text': 'rumahmurah', 'indices': [136, 147]}, {'text': 'IbuKotaNegara', 'indices': [148, 162]}, {'text': 'Nusantara', 'indices': [163, 173]}]"
tribunkaltim,,"Balikpapan, Indonesia",3582,31899,300794,2010-01-10 11:53:59,2022-05-31 09:31:00,0,"Daftar Rekomendasi Rumah Murah di IKN Nusantara yang Terdaftar di Laman SiKumbang Kementerian PUPR
 
#IKN #IKNNusantara #IbuKotaNegara #IbuKotaNusantara #Kaltim #KalimantanTimur #PPU #PenajamPaserUtara #rumahmurah

https://t.co/xdC93KBJvu lewat @tribunkaltim","[{'text': 'IKN', 'indices': [101, 105]}, {'text': 'IKNNusantara', 'indices': [106, 119]}, {'text': 'IbuKotaNegara', 'indices': [120, 134]}, {'text': 'IbuKotaNusantara', 'indices': [135, 152]}, {'text': 'Kaltim', 'indices': [153, 160]}, {'text': 'KalimantanTimur', 'indices': [161, 177]}, {'text': 'PPU', 'indices': [178, 182]}, {'text': 'PenajamPaserUtara', 'indices': [183, 201]}, {'text': 'rumahmurah', 'indices': [202, 213]}]"
citrabukana,,,143,915,1737,2013-11-02 05:15:48,2022-05-31 09:06:16,0,"Waspada HOAX Tentang IKN!

#IbukotaNegara
#IKN
#SemangatNusantara https://t.co/873H2JDSBq","[{'text': 'IbukotaNegara', 'indices': [27, 41]}, {'text': 'IKN', 'indices': [42, 46]}, {'text': 'SemangatNusantara', 'indices': [47, 65]}]"
citrabukana,,,143,915,1737,2013-11-02 05:15:48,2022-05-31 09:05:40,0,"Pemindahan IKN Tetap Menjaga Kelestarian Budaya &amp; Kesenian

#IbukotaNegara
#IKN
#SemangatNusantara https://t.co/CfuHLAmBXg","[{'text': 'IbukotaNegara', 'indices': [64, 78]}, {'text': 'IKN', 'indices': [79, 83]}, {'text': 'SemangatNusantara', 'indices': [84, 102]}]"
citrabukana,,,143,915,1737,2013-11-02 05:15:48,2022-05-31 09:05:01,1,"Pemerintah Berikan Subsidi Untuk Calon Jemaah Haji

#IbukotaNegara
#IKN
#SemangatNusantara https://t.co/N7cN5lWpr2","[{'text': 'IbukotaNegara', 'indices': [52, 66]}, {'text': 'IKN', 'indices': [67, 71]}, {'text': 'SemangatNusantara', 'indices': [72, 90]}]"
citrabukana,,,143,915,1737,2013-11-02 05:15:48,2022-05-31 09:04:40,0,"Menteri Agama: Dana Haji Untuk IKN Adalah HOAKS!!

#IbukotaNegara
#IKN
#SemangatNusantara https://t.co/Bb6qrHAQev","[{'text': 'IbukotaNegara', 'indices': [51, 65]}, {'text': 'IKN', 'indices': [66, 70]}, {'text': 'SemangatNusantara', 'indices': [71, 89]}]"
KudelFarhan,hitam aliranku tapi bukan berarti sesat jalanku \m/,Puncak,607,839,1902,2015-01-12 13:04:08,2022-05-31 09:04:17,0,"IKN Adalah Hadiah Tak Ternilai Bagi Rakyat Kalimantan

#IbukotaNegara
#IKN
#SemangatNusantara https://t.co/vmFoJ9PEy3","[{'text': 'IbukotaNegara', 'indices': [55, 69]}, {'text': 'IKN', 'indices': [70, 74]}, {'text': 'SemangatNusantara', 'indices': [75, 93]}]"
KudelFarhan,hitam aliranku tapi bukan berarti sesat jalanku \m/,Puncak,607,839,1902,2015-01-12 13:04:08,2022-05-31 09:03:46,0,"Pemerintah Melalui Kemenag Tidak Pernah Meminta Masyarakat Mengikhlaskan Dana Haji Untuk Membangun IKN Nusantara

#IbukotaNegara
#IKN
#SemangatNusantara https://t.co/1Hn20BvLeU","[{'text': 'IbukotaNegara', 'indices': [114, 128]}, {'text': 'IKN', 'indices': [129, 133]}, {'text': 'SemangatNusantara', 'indices': [134, 152]}]"
ekasanjaayaa,,Nusantara,20,716,2020,2021-06-08 08:15:14,2022-05-31 09:02:21,0,"Mendukung Pembangunan IKN Nusantara Untuk Kemajuan Masyarakat Kaltim

#IbukotaNegara
#IKN
#SemangatNusantara https://t.co/LUJOrs5Iok","[{'text': 'IbukotaNegara', 'indices': [70, 84]}, {'text': 'IKN', 'indices': [85, 89]}, {'text': 'SemangatNusantara', 'indices': [90, 108]}]"
IndonesiaBaikId,üì±Sajian konten informasi digital | üìäFakta dan data menarik setiap hari | üìåPowered by @djikp @kemkominfo | #Ô∏è‚É£ #IndonesiaBaik #YangMudaSukaData,Indonesia,170,30648,10263,2017-02-13 07:59:15,2022-05-31 09:00:01,4,"SohIB pasti sudah tahu kalau #IbuKota kita akan berpindah dari Jakarta ke #Nusantara pada 2024 mendatang. Seperti apa ya perjalanan dan fakta dibalik perpindahan Ibu Kota Indonesia dari masa ke masa? 

#IndonesiaBaik #YangMudaSukaData #IKN #IbuKotaNegara #Sejarah #KominfoNewsroom https://t.co/haWcJB9We5","[{'text': 'IbuKota', 'indices': [29, 37]}, {'text': 'Nusantara', 'indices': [74, 84]}, {'text': 'IndonesiaBaik', 'indices': [202, 216]}, {'text': 'YangMudaSukaData', 'indices': [217, 234]}, {'text': 'IKN', 'indices': [235, 239]}, {'text': 'IbuKotaNegara', 'indices': [240, 254]}, {'text': 'Sejarah', 'indices': [255, 263]}, {'text': 'KominfoNewsroom', 'indices': [264, 280]}]"
